season,round,pick,team,gsis_id,pfr_player_id,cfb_player_id,pfr_player_name,hof,position,category,side,college,age,to,allpro,probowls,seasons_started,w_av,car_av,dr_av,games,pass_completions,pass_attempts,pass_yards,pass_tds,pass_ints,rush_atts,rush_yards,rush_tds,receptions,rec_yards,rec_tds,def_solo_tackles,def_ints,def_sacks
2026,1,1,LVR,00-0041562,MendFe00,fernando-mendoza-1,Fernando Mendoza,False,QB,QB,O,Indiana,22.0,,0,0,0,,,,,,,,,,,,,,,,,,
2026,1,2,NYJ,00-0041026,BailDa02,david-bailey-5,David Bailey,False,OLB,LB,D,Texas Tech,23.0,2026.0,0,0,0,0.0,,0.0,1.0,0.0,0.0,0.0,0.0,0.0,0.0,0.0,0.0,0.0,0.0,0.0,4.0,,1.0
2026,1,3,ARI,00-0041027,LoveJe00,jeremiyah-love-1,Jeremiyah Love,False,RB,RB,O,Notre Dame,21.0,2026.0,0,0,0,0.0,,0.0,1.0,0.0,0.0,0.0,0.0,0.0,11.0,41.0,1.0,2.0,9.0,0.0,,,
2026,1,4,TEN,00-0041438,TateCa00,carnell-tate-1,Carnell Tate,False,WR,WR,O,Ohio St.,21.0,2026.0,0,0,0,0.0,,0.0,1.0,0.0,0.0,0.0,0.0,0.0,0.0,0.0,0.0,4.0,38.0,0.0,,,
2026,1,5,NYG,00-0041509,ReesAr00,arvell-reese-1,Arvell Reese,False,LB,LB,D,Ohio St.,21.0,2026.0,0,0,0,0.0,,0.0,1.0,0.0,0.0,0.0,0.0,0.0,0.0,0.0,0.0,0.0,0.0,0.0,5.0,,
2026,1,6,KAN,00-0041543,DelaMa00,mansoor-delane-1,Mansoor Delane,False,CB,DB,D,LSU,22.0,2026.0,0,0,0,0.0,,0.0,1.0,0.0,0.0,0.0,0.0,0.0,0.0,0.0,0.0,0.0,0.0,0.0,,1.0,
2026,1,7,WAS,00-0041028,StylSo01,sonny-styles-1,Sonny Styles,False,LB,LB,D,Ohio St.,21.0,2026.0,0,0,0,0.0,,0.0,1.0,0.0,0.0,0.0,0.0,0.0,0.0,0.0,0.0,0.0,0.0,0.0,3.0,,1.0
2026,1,8,NOR,00-0041029,TysoJo00,jordyn-tyson-1,Jordyn Tyson,False,WR,WR,O,Arizona St.,22.0,,0,0,0,,,,,,,,,,,,,,,,,,
2026,1,9,CLE,00-0041030,FanoSp00,spencer-fano-1,Spencer Fano,False,OT,OL,O,Utah,21.0,2026.0,0,0,0,0.0,,0.0,1.0,0.0,0.0,0.0,0.0,0.0,0.0,0.0,0.0,0.0,0.0,0.0,,,
2026,1,10,NYG,00-0041505,MauiFr01,francis-mauigoa-1,Francis Mauigoa,False,OT,OL,O,Miami (FL),21.0,2026.0,0,0,0,0.0,,0.0,1.0,0.0,0.0,0.0,0.0,0.0,0.0,0.0,0.0,0.0,0.0,0.0,,,
2026,1,11,DAL,00-0040865,DownCa00,caleb-downs-1,Caleb Downs,False,S,DB,D,Ohio St.,21.0,2026.0,0,0,0,0.0,,0.0,1.0,0.0,0.0,0.0,0.0,0.0,0.0,0.0,0.0,0.0,0.0,0.0,4.0,,1.0
2026,1,12,MIA,00-0041521,ProcKa00,kadyn-proctor-1,Kadyn Proctor,False,OT,OL,O,Alabama,21.0,2026.0,0,0,0,0.0,,0.0,1.0,0.0,0.0,0.0,0.0,0.0,0.0,0.0,0.0,0.0,0.0,0.0,,,
2026,1,13,LAR,00-0041568,SimpTy00,ty-simpson-1,Ty Simpson,False,QB,QB,O,Alabama,23.0,,0,0,0,,,,,,,,,,,,,,,,,,
2026,1,14,BAL,00-0040866,IoanOl00,vega-ioane-1,Olaivavega Ioane,False,OG,OG,,Penn St.,22.0,2026.0,0,0,0,0.0,,0.0,1.0,0.0,0.0,0.0,0.0,0.0,0.0,0.0,0.0,0.0,0.0,0.0,,,
2026,1,15,TAM,00-0041031,BainRu00,rueben-bain-jr-1,Rueben Bain,False,DE,DL,D,Miami (FL),21.0,2026.0,0,0,0,0.0,,0.0,1.0,0.0,0.0,0.0,0.0,0.0,0.0,0.0,0.0,0.0,0.0,0.0,1.0,,
2026,1,16,NYJ,00-0041032,SadiKe00,kenyon-sadiq-1,Kenyon Sadiq,False,TE,TE,O,Oregon,21.0,2026.0,0,0,0,0.0,,0.0,1.0,0.0,0.0,0.0,0.0,0.0,1.0,3.0,1.0,3.0,21.0,0.0,,,
2026,1,17,DET,00-0041439,MillBl01,blake-miller-2,Blake Miller,False,OT,OL,O,Clemson,22.0,2026.0,0,0,0,0.0,,0.0,1.0,0.0,0.0,0.0,0.0,0.0,0.0,0.0,0.0,0.0,0.0,0.0,,,
2026,1,18,MIN,00-0041033,BankCa01,caleb-banks-1,Caleb Banks,False,DT,DL,D,Florida,23.0,2026.0,0,0,0,0.0,,0.0,1.0,0.0,0.0,0.0,0.0,0.0,0.0,0.0,0.0,0.0,0.0,0.0,,,
2026,1,19,CAR,00-0041034,FreeMo00,monroe-freeling-1,Monroe Freeling,False,OT,OL,O,Georgia,22.0,2026.0,0,0,0,0.0,,0.0,1.0,0.0,0.0,0.0,0.0,0.0,0.0,0.0,0.0,0.0,0.0,0.0,,,
2026,1,20,PHI,00-0040867,LemoMa00,makai-lemon-1,Makai Lemon,False,WR,WR,O,USC,22.0,2026.0,0,0,0,0.0,,0.0,1.0,0.0,0.0,0.0,0.0,0.0,0.0,0.0,0.0,3.0,-5.0,0.0,,,
2026,1,21,PIT,00-0041482,IheaMa00,max-iheanachor-1,Max Iheanachor,False,OT,OL,O,Arizona St.,22.0,2026.0,0,0,0,0.0,,0.0,1.0,0.0,0.0,0.0,0.0,0.0,0.0,0.0,0.0,0.0,0.0,0.0,,,
2026,1,22,LAC,00-0041544,MesiAk01,akheem-mesidor-1,Akheem Mesidor,False,DE,DL,D,Miami (FL),25.0,2026.0,0,0,0,0.0,,0.0,1.0,0.0,0.0,0.0,0.0,0.0,0.0,0.0,0.0,0.0,0.0,0.0,1.0,,
2026,1,23,DAL,00-0041537,LawrMa01,malachi-lawrence-1,Malachi Lawrence,False,DE,DL,D,Central Florida,23.0,2026.0,0,0,0,0.0,,0.0,1.0,0.0,0.0,0.0,0.0,0.0,0.0,0.0,0.0,0.0,0.0,0.0,2.0,,
2026,1,24,CLE,00-0041547,ConcKC00,kevin-concepcion-2,KC Concepcion,False,WR,WR,O,Texas A&M,21.0,2026.0,0,0,0,0.0,,0.0,1.0,0.0,0.0,0.0,0.0,0.0,3.0,15.0,0.0,4.0,43.0,0.0,,,
2026,1,25,CHI,00-0041538,ThieDi00,dillon-thieneman-1,Dillon Thieneman,False,S,DB,D,Oregon,22.0,2026.0,0,0,0,0.0,,0.0,1.0,0.0,0.0,0.0,0.0,0.0,0.0,0.0,0.0,0.0,0.0,0.0,8.0,,
2026,1,26,HOU,00-0041532,RutlKe01,keylan-rutledge-1,Keylan Rutledge,False,G,OL,O,Georgia Tech,23.0,2026.0,0,0,0,0.0,,0.0,1.0,0.0,0.0,0.0,0.0,0.0,0.0,0.0,0.0,0.0,0.0,0.0,,,
2026,1,27,MIA,00-0041533,JohnCh09,chris-johnson-26,Chris Johnson,False,CB,DB,D,San Diego St.,21.0,2026.0,0,0,0,0.0,,0.0,1.0,0.0,0.0,0.0,0.0,0.0,0.0,0.0,0.0,0.0,0.0,0.0,5.0,,
2026,1,28,NWE,00-0041541,LomuCa00,caleb-lomu-1,Caleb Lomu,False,OT,OL,O,Utah,21.0,2026.0,0,0,0,0.0,,0.0,1.0,0.0,0.0,0.0,0.0,0.0,0.0,0.0,0.0,0.0,0.0,0.0,,,
2026,1,29,KAN,WOO547869,WoodPe00,peter-woods-1,Peter Woods,False,DT,DL,D,Clemson,21.0,2026.0,0,0,0,0.0,,0.0,1.0,0.0,0.0,0.0,0.0,0.0,0.0,0.0,0.0,0.0,0.0,0.0,1.0,,
2026,1,30,NYJ,00-0041511,CoopOm00,omar-cooper-jr-1,Omar Cooper,False,WR,WR,O,Indiana,22.0,2026.0,0,0,0,0.0,,0.0,1.0,0.0,0.0,0.0,0.0,0.0,0.0,0.0,0.0,1.0,30.0,0.0,,,
2026,1,31,TEN,00-0041508,FaulKe01,keldric-faulk-1,Keldric Faulk,False,DE,DL,D,Auburn,21.0,2026.0,0,0,0,0.0,,0.0,1.0,0.0,0.0,0.0,0.0,0.0,0.0,0.0,0.0,0.0,0.0,0.0,,,
2026,1,32,SEA,00-0041512,PricJa02,jadarian-price-1,Jadarian Price,False,RB,RB,O,Notre Dame,22.0,2026.0,0,0,0,0.0,,0.0,1.0,0.0,0.0,0.0,0.0,0.0,10.0,52.0,0.0,2.0,6.0,0.0,,,
2026,2,33,SFO,00-0041035,StriDe01,dezhaun-stribling-1,De'Zhaun Stribling,False,WR,WR,O,Mississippi,23.0,2026.0,0,0,0,0.0,,0.0,1.0,0.0,0.0,0.0,0.0,0.0,0.0,0.0,0.0,0.0,0.0,0.0,,,
2026,2,34,ARI,00-0041468,BisoCh00,chase-bistonis-1,Chase Bisontis,False,G,OL,O,Texas A&M,22.0,,0,0,0,,,,,,,,,,,,,,,,,,
2026,2,35,BUF,00-0041036,ParkTJ00,tj-parker-1,T.J. Parker,False,DE,DL,D,Clemson,21.0,2026.0,0,0,0,0.0,,0.0,1.0,0.0,0.0,0.0,0.0,0.0,0.0,0.0,0.0,0.0,0.0,0.0,,,
2026,2,36,HOU,00-0041440,McDoKa00,kayden-mcdonald-1,Kayden McDonald,False,DT,DL,D,Ohio St.,21.0,,0,0,0,,,,,,,,,,,,,,,,,,
2026,2,37,NYG,00-0041462,HoodCo00,colton-hood-1,Colton Hood,False,CB,DB,D,Tennessee,21.0,2026.0,0,0,0,0.0,,0.0,1.0,0.0,0.0,0.0,0.0,0.0,0.0,0.0,0.0,0.0,0.0,0.0,,,
2026,2,38,LVR,00-0040868,StukTr00,treydan-stukes-1,Treydan Stukes,False,CB,DB,D,Arizona,24.0,2026.0,0,0,0,0.0,,0.0,1.0,0.0,0.0,0.0,0.0,0.0,0.0,0.0,0.0,0.0,0.0,0.0,4.0,1.0,
2026,2,39,CLE,00-0041037,BostDe00,denzel-boston-1,Denzel Boston,False,WR,WR,O,Washington,22.0,2026.0,0,0,0,0.0,,0.0,1.0,0.0,0.0,0.0,0.0,0.0,0.0,0.0,0.0,2.0,59.0,1.0,,,
2026,2,40,KAN,00-0041501,MasoR01,r-mason-thomas-1,R Mason Thomas,False,DE,DL,D,Oklahoma,22.0,2026.0,0,0,0,0.0,,0.0,1.0,0.0,0.0,0.0,0.0,0.0,0.0,0.0,0.0,0.0,0.0,0.0,1.0,,1.0
2026,2,41,CIN,00-0041546,HoweCa00,cashius-howell-1,Cashius Howell,False,DE,DL,D,Texas A&M,23.0,2026.0,0,0,0,0.0,,0.0,1.0,0.0,0.0,0.0,0.0,0.0,0.0,0.0,0.0,0.0,0.0,0.0,,,
2026,2,42,NOR,00-0041390,MillCh01,christen-miller-1,Christen Miller,False,DT,DL,D,Georgia,22.0,2026.0,0,0,0,0.0,,0.0,1.0,0.0,0.0,0.0,0.0,0.0,0.0,0.0,0.0,0.0,0.0,0.0,,,
2026,2,43,MIA,00-0041522,RodrJa00,jacob-rodriguez-1,Jacob Rodriguez,False,LB,LB,D,Texas Tech,24.0,2026.0,0,0,0,0.0,,0.0,1.0,0.0,0.0,0.0,0.0,0.0,0.0,0.0,0.0,0.0,0.0,0.0,5.0,,
2026,2,44,DET,00-0041441,MoorDe03,derrick-moore-1,Derrick Moore,False,DE,DL,D,Michigan,23.0,2026.0,0,0,0,0.0,,0.0,1.0,0.0,0.0,0.0,0.0,0.0,0.0,0.0,0.0,0.0,0.0,0.0,,,
2026,2,45,BAL,00-0041494,YounZi00,zion-young-1,Zion Young,False,DE,DL,D,Missouri,22.0,2026.0,0,0,0,0.0,,0.0,1.0,0.0,0.0,0.0,0.0,0.0,0.0,0.0,0.0,0.0,0.0,0.0,,,
2026,2,46,TAM,00-0041502,TrotJo00,josiah-trotter-1,Josiah Trotter,False,LB,LB,D,Missouri,21.0,2026.0,0,0,0,0.0,,0.0,1.0,0.0,0.0,0.0,0.0,0.0,0.0,0.0,0.0,0.0,0.0,0.0,4.0,1.0,1.0
2026,2,47,PIT,00-0041489,BernGe00,germie-bernard-1,Germie Bernard,False,WR,WR,O,Alabama,22.0,2026.0,0,0,0,0.0,,0.0,1.0,0.0,0.0,0.0,0.0,0.0,0.0,0.0,0.0,0.0,0.0,0.0,,,
2026,2,48,ATL,00-0041469,TerrAv00,avieon-terrell-1,Avieon Terrell,False,CB,DB,D,Clemson,21.0,2026.0,0,0,0,0.0,,0.0,1.0,0.0,0.0,0.0,0.0,0.0,0.0,0.0,0.0,0.0,0.0,0.0,1.0,,
2026,2,49,CAR,00-0041478,HuntLe00,lee-hunter-1,Lee Hunter,False,DT,DL,D,Texas Tech,24.0,2026.0,0,0,0,0.0,,0.0,1.0,0.0,0.0,0.0,0.0,0.0,0.0,0.0,0.0,0.0,0.0,0.0,4.0,,
2026,2,50,NYJ,00-0041038,PondDA00,dangelo-ponds-1,D'Angelo Ponds,False,CB,DB,D,Indiana,21.0,,0,0,0,,,,,,,,,,,,,,,,,,
2026,2,51,MIN,00-0041495,GoldJa01,jake-golday-1,Jake Golday,False,LB,LB,D,Cincinnati,23.0,2026.0,0,0,0,0.0,,0.0,1.0,0.0,0.0,0.0,0.0,0.0,0.0,0.0,0.0,0.0,0.0,0.0,1.0,,
2026,2,52,GNB,00-0041470,CissBr00,brandon-cisse-1,Brandon Cisse,False,CB,DB,D,South Carolina,21.0,2026.0,0,0,0,0.0,,0.0,1.0,0.0,0.0,0.0,0.0,0.0,0.0,0.0,0.0,0.0,0.0,0.0,1.0,,
2026,2,53,IND,00-0041039,AlleCJ00,cj-allen-1,CJ Allen,False,LB,LB,D,Georgia,21.0,,0,0,0,,,,,,,,,,,,,,,,,,
2026,2,54,PHI,00-0041483,StowEl00,eli-stowers-1,Eli Stowers,False,TE,TE,O,Vanderbilt,23.0,,0,0,0,,,,,,,,,,,,,,,,,,
2026,2,55,NWE,00-0041569,JacaGa00,gabe-jacas-1,Gabe Jacas,False,DE,DL,D,Illinois,22.0,2026.0,0,0,0,0.0,,0.0,1.0,0.0,0.0,0.0,0.0,0.0,0.0,0.0,0.0,0.0,0.0,0.0,3.0,,1.0
2026,2,56,JAX,00-0041503,BoerNa00,nate-boerkircher-1,Nate Boerkircher,False,TE,TE,O,Texas A&M,25.0,2026.0,0,0,0,0.0,,0.0,1.0,0.0,0.0,0.0,0.0,0.0,0.0,0.0,0.0,1.0,9.0,0.0,,,
2026,2,57,CHI,00-0041539,JoneLo01,logan-jones-1,Logan Jones,False,C,OL,O,Iowa,24.0,2026.0,0,0,0,0.0,,0.0,1.0,0.0,0.0,0.0,0.0,0.0,0.0,0.0,0.0,0.0,0.0,0.0,,,
2026,2,58,CLE,00-0041471,McNeEm00,emmanuel-mcneil-warren-1,Emmanuel McNeil-Warren,False,S,DB,D,Toledo,22.0,2026.0,0,0,0,0.0,,0.0,1.0,0.0,0.0,0.0,0.0,0.0,0.0,0.0,0.0,0.0,0.0,0.0,1.0,,
2026,2,59,HOU,00-0041472,KleiMa00,marlin-klein-1,Marlin Klein,False,TE,TE,O,Michigan,23.0,2026.0,0,0,0,0.0,,0.0,1.0,0.0,0.0,0.0,0.0,0.0,0.0,0.0,0.0,1.0,16.0,0.0,,,
2026,2,60,TEN,00-0041479,HillAn01,anthony-hill-jr-1,Anthony Hill,False,LB,LB,D,Texas,21.0,2026.0,0,0,0,0.0,,0.0,1.0,0.0,0.0,0.0,0.0,0.0,0.0,0.0,0.0,0.0,0.0,0.0,2.0,,
2026,2,61,LAR,00-0041510,KlarMa00,max-klare-1,Max Klare,False,TE,TE,O,Ohio St.,23.0,,0,0,0,,,,,,,,,,,,,,,,,,
2026,2,62,BUF,00-0041391,IgbiDa01,davison-igbinosun-1,Davison Igbinosun,False,CB,DB,D,Ohio St.,22.0,2026.0,0,0,0,0.0,,0.0,1.0,0.0,0.0,0.0,0.0,0.0,0.0,0.0,0.0,0.0,0.0,0.0,1.0,,
2026,2,63,LAC,00-0041392,SlauJa02,jake-slaughter-2,Jake Slaughter,False,C,OL,O,Florida,23.0,2026.0,0,0,0,0.0,,0.0,1.0,0.0,0.0,0.0,0.0,0.0,0.0,0.0,0.0,0.0,0.0,0.0,,,
2026,2,64,SEA,00-0041463,ClarBu00,bud-clark-1,Bud Clark,False,S,DB,D,TCU,24.0,,0,0,0,,,,,,,,,,,,,,,,,,
2026,3,65,ARI,00-0041561,BeckCa01,carson-beck-1,Carson Beck,False,QB,QB,O,Miami (FL),24.0,,0,0,0,,,,,,,,,,,,,,,,,,
2026,3,66,DEN,00-0041552,OnyeTy00,tyler-onyedim-1,Tyler Onyedim,False,DT,DL,D,Texas A&M,23.0,,0,0,0,,,,,,,,,,,,,,,,,,
2026,3,67,LVR,00-0041553,CrawKe01,keyron-crawford-1,Keyron Crawford,False,DE,DL,D,Auburn,22.0,,0,0,0,,,,,,,,,,,,,,,,,,
2026,3,68,PHI,00-0041554,BellMa02,markel-bell-1,Markel Bell,False,OT,OL,O,Miami (FL),22.0,2026.0,0,0,0,0.0,,0.0,1.0,0.0,0.0,0.0,0.0,0.0,0.0,0.0,0.0,0.0,0.0,0.0,,,
2026,3,69,CHI,00-0041558,RousSa00,sam-roush-1,Sam Roush,False,TE,TE,O,Stanford,23.0,2026.0,0,0,0,0.0,,0.0,1.0,0.0,0.0,0.0,0.0,0.0,0.0,0.0,0.0,0.0,0.0,0.0,,,
2026,3,70,SFO,00-0041556,HeigRo00,romello-height-1,Romello Height,False,DE,DL,D,Texas Tech,25.0,2026.0,0,0,0,0.0,,0.0,1.0,0.0,0.0,0.0,0.0,0.0,0.0,0.0,0.0,0.0,0.0,0.0,,,
2026,3,71,WAS,00-0041040,WillAn04,antonio-williams-2,Antonio Williams,False,WR,WR,O,Clemson,22.0,2026.0,0,0,0,0.0,,0.0,1.0,0.0,0.0,0.0,0.0,0.0,0.0,0.0,0.0,4.0,64.0,1.0,,,
2026,3,72,CIN,00-0041464,DaviTa01,tacario-davis-1,Tacario Davis,False,CB,DB,D,Washington,22.0,2026.0,0,0,0,0.0,,0.0,1.0,0.0,0.0,0.0,0.0,0.0,0.0,0.0,0.0,0.0,0.0,0.0,,,
2026,3,73,NOR,00-0041041,DelpOs01,oscar-delp-1,Oscar Delp,False,TE,TE,O,Georgia,23.0,,0,0,0,,,,,,,,,,,,,,,,,,
2026,3,74,NYG,00-0041042,FielMa00,malachi-fields-1,Malachi Fields,False,WR,WR,O,Notre Dame,23.0,2026.0,0,0,0,0.0,,0.0,1.0,0.0,0.0,0.0,0.0,0.0,0.0,0.0,0.0,2.0,25.0,0.0,,,
2026,3,75,MIA,00-0041523,DougCa00,caleb-douglas-1,Caleb Douglas,False,WR,WR,O,Texas Tech,22.0,2026.0,0,0,0,0.0,,0.0,1.0,0.0,0.0,0.0,0.0,0.0,0.0,0.0,0.0,5.0,94.0,0.0,,,
2026,3,76,PIT,00-0041565,AllaDr00,drew-allar-1,Drew Allar,False,QB,QB,O,Penn St.,22.0,,0,0,0,,,,,,,,,,,,,,,,,,
2026,3,77,GNB,00-0040869,McClCh01,chris-mcclellan-1,Chris McClellan,False,DT,DL,D,Missouri,22.0,2026.0,0,0,0,0.0,,0.0,1.0,0.0,0.0,0.0,0.0,0.0,0.0,0.0,0.0,0.0,0.0,0.0,,,
2026,3,78,IND,00-0041043,HaulAJ00,aj-haulcy-1,A.J. Haulcy,False,S,DB,D,LSU,22.0,2026.0,0,0,0,0.0,,0.0,1.0,0.0,0.0,0.0,0.0,0.0,0.0,0.0,0.0,0.0,0.0,0.0,4.0,,
2026,3,79,ATL,00-0041044,BranZa00,zachariah-branch-1,Zachariah Branch,False,WR,WR,O,Georgia,22.0,2026.0,0,0,0,0.0,,0.0,1.0,0.0,0.0,0.0,0.0,0.0,0.0,0.0,0.0,0.0,0.0,0.0,,,
2026,3,80,BAL,00-0040870,LaneJa01,jakobi-lane-1,Ja'Kobi Lane,False,WR,WR,O,USC,22.0,2026.0,0,0,0,0.0,,0.0,1.0,0.0,0.0,0.0,0.0,0.0,0.0,0.0,0.0,1.0,11.0,0.0,,,
2026,3,81,JAX,00-0041045,RegiAl00,albert-regis-1,Albert Regis,False,DT,DL,D,Texas A&M,23.0,2026.0,0,0,0,0.0,,0.0,1.0,0.0,0.0,0.0,0.0,0.0,0.0,0.0,0.0,0.0,0.0,0.0,,,
2026,3,82,MIN,00-0041046,OranDo00,domonique-orange-1,Domonique Orange,False,DT,DL,D,Iowa St.,22.0,2026.0,0,0,0,0.0,,0.0,1.0,0.0,0.0,0.0,0.0,0.0,0.0,0.0,0.0,0.0,0.0,0.0,2.0,,
2026,3,83,CAR,00-0041047,BrazCh01,chris-brazzell-ii-1,Chris Brazzell II,False,WR,WR,O,Tennessee,22.0,,0,0,0,,,,,,,,,,,,,,,,,,
2026,3,84,TAM,00-0041048,HursTe00,ted-hurst-1,Ted Hurst,False,WR,WR,O,Georgia St.,22.0,2026.0,0,0,0,0.0,,0.0,1.0,0.0,0.0,0.0,0.0,0.0,0.0,0.0,0.0,3.0,36.0,0.0,,,
2026,3,85,PIT,00-0041393,EverDa00,daylen-everette-1,Daylen Everette,False,CB,DB,D,Georgia,22.0,2026.0,0,0,0,0.0,,0.0,1.0,0.0,0.0,0.0,0.0,0.0,0.0,0.0,0.0,0.0,0.0,0.0,1.0,,
2026,3,86,CLE,00-0041049,BarbAu00,austin-barber-1,Austin Barber,False,OT,OL,O,Florida,23.0,2026.0,0,0,0,0.0,,0.0,1.0,0.0,0.0,0.0,0.0,0.0,0.0,0.0,0.0,0.0,0.0,0.0,,,
2026,3,87,MIA,00-0041524,KacmWi00,will-kacmarek-1,Will Kacmarek,False,TE,TE,O,Ohio St.,23.0,2026.0,0,0,0,0.0,,0.0,1.0,0.0,0.0,0.0,0.0,0.0,0.0,0.0,0.0,0.0,0.0,0.0,,,
2026,3,88,JAX,00-0041050,PregEm00,emmanuel-pregnon-1,Emmanuel Pregnon,False,G,OL,O,Oregon,24.0,2026.0,0,0,0,0.0,,0.0,1.0,0.0,0.0,0.0,0.0,0.0,0.0,0.0,0.0,0.0,0.0,0.0,,,
2026,3,89,CHI,00-0041051,ThomZa05,zavion-thomas-1,Zavion Thomas,False,WR,WR,O,LSU,21.0,2026.0,0,0,0,0.0,,0.0,1.0,0.0,0.0,0.0,0.0,0.0,0.0,0.0,0.0,0.0,0.0,0.0,,,
2026,3,90,SFO,00-0041052,BlacKa00,kaelon-black-1,Kaelon Black,False,RB,RB,O,Indiana,24.0,2026.0,0,0,0,0.0,,0.0,1.0,0.0,0.0,0.0,0.0,0.0,14.0,65.0,0.0,1.0,5.0,0.0,,,
2026,3,91,LVR,00-0040871,ZuhnTr01,trey-zuhn-iii-1,Trey Zuhn,False,OT,OL,O,Texas A&M,23.0,2026.0,0,0,0,0.0,,0.0,1.0,0.0,0.0,0.0,0.0,0.0,0.0,0.0,0.0,0.0,0.0,0.0,,,
2026,3,92,DAL,00-0040872,BarhJa01,jaishawn-barham-1,Jaishawn Barham,False,DE,DL,D,Michigan,22.0,2026.0,0,0,0,0.0,,0.0,1.0,0.0,0.0,0.0,0.0,0.0,0.0,0.0,0.0,0.0,0.0,0.0,3.0,,
2026,3,93,LAR,00-0041394,TrosKe00,keagen-trost-1,Keagen Trost,False,OL,OL,O,Missouri,25.0,,0,0,0,,,,,,,,,,,,,,,,,,
2026,3,94,MIA,00-0041525,BellCh00,chris-bell-2,Chris Bell,False,WR,WR,O,Louisville,22.0,2026.0,0,0,0,0.0,,0.0,1.0,0.0,0.0,0.0,0.0,0.0,0.0,0.0,0.0,1.0,25.0,0.0,,,
2026,3,95,NWE,00-0041395,RariEl00,eli-raridon-1,Eli Raridon,False,TE,TE,O,Notre Dame,22.0,2026.0,0,0,0,0.0,,0.0,1.0,0.0,0.0,0.0,0.0,0.0,0.0,0.0,0.0,1.0,2.0,1.0,,,
2026,3,96,PIT,00-0041396,DunkGe00,gennings-dunker-1,Gennings Dunker,False,OT,OL,O,Iowa,23.0,,0,0,0,,,,,,,,,,,,,,,,,,
2026,3,97,MIN,00-0041053,TierCa00,caleb-tiernan-1,Caleb Tiernan,False,OT,OL,O,Northwestern,23.0,,0,0,0,,,,,,,,,,,,,,,,,,
2026,3,98,MIN,00-0041054,ThomJa07,jakobe-thomas-1,Jakobe Thomas,False,S,DB,D,Miami (FL),23.0,,0,0,0,,,,,,,,,,,,,,,,,,
2026,3,99,SEA,00-0040873,NealJu00,julian-neal-1,Julian Neal,False,CB,DB,D,Arkansas,23.0,2026.0,0,0,0,0.0,,0.0,1.0,0.0,0.0,0.0,0.0,0.0,0.0,0.0,0.0,0.0,0.0,0.0,,,
2026,3,100,JAX,00-0041055,HuskJa00,jalen-huskey-1,Jalen Huskey,False,S,DB,D,Maryland,23.0,,0,0,0,,,,,,,,,,,,,,,,,,
2026,4,101,LVR,00-0041563,McCoJe00,jermod-mccoy-1,Jermod McCoy,False,CB,DB,D,Tennessee,21.0,,0,0,0,,,,,,,,,,,,,,,,,,
2026,4,102,BUF,00-0041548,BowrJu00,jude-bowry-1,Jude Bowry,False,OT,OL,O,Boston Col.,23.0,,0,0,0,,,,,,,,,,,,,,,,,,
2026,4,103,NYJ,00-0041549,JackDa06,darrell-jackson-3,Darrell Jackson Jr.,False,DT,DL,D,Florida St.,23.0,2026.0,0,0,0,0.0,,0.0,1.0,0.0,0.0,0.0,0.0,0.0,0.0,0.0,0.0,0.0,0.0,0.0,,,
2026,4,104,ARI,00-0041555,ProcKa01,,Kaleb Proctor,False,DT,DL,D,Southeastern Louisiana,22.0,,0,0,0,,,,,,,,,,,,,,,,,,
2026,4,105,LAC,00-0041550,ThomBr07,brenen-thompson-1,Brenen Thompson,False,WR,WR,O,Mississippi St.,23.0,2026.0,0,0,0,0.0,,0.0,1.0,0.0,0.0,0.0,0.0,0.0,0.0,0.0,0.0,0.0,0.0,0.0,,,
2026,4,106,HOU,00-0041559,NwaiFe00,febechi-nwaiwu-1,Febechi Nwaiwu,False,OL,OL,O,Oklahoma,23.0,,0,0,0,,,,,,,,,,,,,,,,,,
2026,4,107,SFO,00-0041557,HaltGr00,gracen-halton-1,Gracen Halton,False,DT,DL,D,Oklahoma,22.0,2026.0,0,0,0,0.0,,0.0,1.0,0.0,0.0,0.0,0.0,0.0,0.0,0.0,0.0,0.0,0.0,0.0,,,
2026,4,108,DEN,00-0041496,ColeJo00,jonah-coleman-1,Jonah Coleman,False,RB,RB,O,Washington,23.0,2026.0,0,0,0,0.0,,0.0,1.0,0.0,0.0,0.0,0.0,0.0,0.0,0.0,0.0,0.0,0.0,0.0,,,
2026,4,109,KAN,00-0041497,CanaJa00,jadon-canady-1,Jadon Canady,False,CB,DB,D,Oregon,23.0,2026.0,0,0,0,0.0,,0.0,1.0,0.0,0.0,0.0,0.0,0.0,0.0,0.0,0.0,0.0,0.0,0.0,,,
2026,4,110,NYJ,00-0041056,KlubCa00,cade-klubnik-1,Cade Klubnik,False,QB,QB,O,Clemson,22.0,,0,0,0,,,,,,,,,,,,,,,,,,
2026,4,111,DEN,00-0041498,CaseKa00,kage-casey-1,Kage Casey,False,OT,OL,O,Boise St.,22.0,,0,0,0,,,,,,,,,,,,,,,,,,
2026,4,112,DAL,00-0040874,ShelDr00,drew-shelton-1,Drew Shelton,False,OT,OL,O,Penn St.,22.0,2026.0,0,0,0,0.0,,0.0,1.0,0.0,0.0,0.0,0.0,0.0,0.0,0.0,0.0,0.0,0.0,0.0,,,
2026,4,113,IND,00-0041517,FarmJa00,jalen-farmer-1,Jalen Farmer,False,G,OL,O,Kentucky,22.0,2026.0,0,0,0,0.0,,0.0,1.0,0.0,0.0,0.0,0.0,0.0,0.0,0.0,0.0,0.0,0.0,0.0,,,
2026,4,114,DAL,00-0040875,MoorDe04,devin-moore-2,Devin Moore,False,CB,DB,D,Florida,22.0,,0,0,0,,,,,,,,,,,,,,,,,,
2026,4,115,BAL,00-0040876,SarrEl00,elijah-sarratt-1,Elijah Sarratt,False,WR,WR,O,Indiana,23.0,,0,0,0,,,,,,,,,,,,,,,,,,
2026,4,116,TAM,00-0041057,ScotKe01,keionte-scott-1,Keionte Scott,False,CB,DB,D,Miami (FL),25.0,2026.0,0,0,0,0.0,,0.0,1.0,0.0,0.0,0.0,0.0,0.0,0.0,0.0,0.0,0.0,0.0,0.0,4.0,,
2026,4,117,LAC,00-0041058,BurkTr01,travis-burke-1,Travis Burke,False,OT,OL,O,Memphis,23.0,2026.0,0,0,0,0.0,,0.0,1.0,0.0,0.0,0.0,0.0,0.0,0.0,0.0,0.0,0.0,0.0,0.0,,,
2026,4,118,DET,00-0041442,RoldJi00,jimmy-rolder-1,Jimmy Rolder,False,LB,LB,D,Michigan,22.0,,0,0,0,,,,,,,,,,,,,,,,,,
2026,4,119,JAX,00-0041059,WillWe01,wesley-williams-3,Wesley Williams,False,DE,DL,D,Duke,21.0,,0,0,0,,,,,,,,,,,,,,,,,,
2026,4,120,GNB,00-0040877,DennDa01,dani-dennis-sutton-1,Dani Dennis-Sutton,False,DE,DL,D,Penn St.,22.0,2026.0,0,0,0,0.0,,0.0,1.0,0.0,0.0,0.0,0.0,0.0,0.0,0.0,0.0,0.0,0.0,0.0,,,
2026,4,121,PIT,00-0041397,WetjKa00,kaden-wetjen-1,Kaden Wetjen,False,WR,WR,O,Iowa,24.0,2026.0,0,0,0,0.0,,0.0,1.0,0.0,0.0,0.0,0.0,0.0,0.0,0.0,0.0,0.0,0.0,0.0,,,
2026,4,122,LVR,00-0040878,WashMi00,mike-washington-5,Mike Washington Jr.,False,RB,RB,O,Arkansas,23.0,2026.0,0,0,0,0.0,,0.0,1.0,0.0,0.0,0.0,0.0,0.0,7.0,41.0,0.0,0.0,0.0,0.0,,,
2026,4,123,HOU,00-0041465,WoodWa00,wade-woodaz-1,Wade Woodaz,False,LB,LB,D,Clemson,22.0,2026.0,0,0,0,0.0,,0.0,1.0,0.0,0.0,0.0,0.0,0.0,0.0,0.0,0.0,0.0,0.0,0.0,,,
2026,4,124,CHI,00-0041060,MuhaMa00,malik-muhammad-1,Malik Muhammad,False,CB,DB,D,Texas,21.0,2026.0,0,0,0,0.0,,0.0,1.0,0.0,0.0,0.0,0.0,0.0,0.0,0.0,0.0,0.0,0.0,0.0,2.0,1.0,
2026,4,125,BUF,00-0041443,BellSk00,skyler-bell-1,Skyler Bell,False,WR,WR,O,Connecticut,24.0,,0,0,0,,,,,,,,,,,,,,,,,,
2026,4,126,BUF,00-0041444,ElarKa00,kaleb-elarms-orr-1,Kaleb Elarms-Orr,False,LB,LB,D,TCU,23.0,2026.0,0,0,0,0.0,,0.0,1.0,0.0,0.0,0.0,0.0,0.0,0.0,0.0,0.0,0.0,0.0,0.0,,,
2026,4,127,SFO,00-0041061,WillCa05,carver-willis-1,Carver Willis,False,OL,OL,O,Washington,24.0,2026.0,0,0,0,0.0,,0.0,1.0,0.0,0.0,0.0,0.0,0.0,0.0,0.0,0.0,0.0,0.0,0.0,,,
2026,4,128,CIN,00-0041062,LewxCo00,connor-lew-1,Connor Lew,False,C,OL,O,Auburn,21.0,,0,0,0,,,,,,,,,,,,,,,,,,
2026,4,129,CAR,00-0041063,LeexWi00,will-lee-iii-1,Will Lee,False,CB,DB,D,Texas A&M,23.0,2026.0,0,0,0,0.0,,0.0,1.0,0.0,0.0,0.0,0.0,0.0,0.0,0.0,0.0,0.0,0.0,0.0,5.0,,
2026,4,130,MIA,00-0041526,MoorTr02,trey-moore-1,Trey Moore,False,LB,LB,D,Texas,23.0,,0,0,0,,,,,,,,,,,,,,,,,,
2026,4,131,LAC,00-0041064,SmitGe01,genesis-smith-1,Genesis Smith,False,S,DB,D,Arizona,21.0,2026.0,0,0,0,0.0,,0.0,1.0,0.0,0.0,0.0,0.0,0.0,0.0,0.0,0.0,0.0,0.0,0.0,4.0,,
2026,4,132,NOR,00-0041065,WrigJe00,jeremiah-wright-1,Jeremiah Wright,False,G,OL,O,Auburn,25.0,2026.0,0,0,0,0.0,,0.0,1.0,0.0,0.0,0.0,0.0,0.0,0.0,0.0,0.0,0.0,0.0,0.0,,,
2026,4,133,BAL,00-0040879,HibnMa00,matthew-hibner-1,Matthew Hibner,False,TE,TE,O,SMU,24.0,2026.0,0,0,0,0.0,,0.0,1.0,0.0,0.0,0.0,0.0,0.0,0.0,0.0,0.0,1.0,13.0,0.0,,,
2026,4,134,ATL,00-0041066,DaniKe00,kendal-daniels-1,Kendal Daniels,False,LB,LB,D,Oklahoma,23.0,2026.0,0,0,0,0.0,,0.0,1.0,0.0,0.0,0.0,0.0,0.0,0.0,0.0,0.0,0.0,0.0,0.0,1.0,,
2026,4,135,IND,00-0041518,BoetBr00,bryce-boettcher-1,Bryce Boettcher,False,LB,LB,D,Oregon,24.0,2026.0,0,0,0,0.0,,0.0,1.0,0.0,0.0,0.0,0.0,0.0,0.0,0.0,0.0,0.0,0.0,0.0,2.0,,
2026,4,136,NOR,00-0041067,LancBr00,,Bryce Lance,False,WR,WR,O,North Dakota St.,24.0,2026.0,0,0,0,0.0,,0.0,1.0,0.0,0.0,0.0,0.0,0.0,0.0,0.0,0.0,3.0,42.0,0.0,,,
2026,4,137,DAL,00-0040880,OverLT00,lebbeus-overton-1,LT Overton,False,DE,DL,D,Alabama,21.0,2026.0,0,0,0,0.0,,0.0,1.0,0.0,0.0,0.0,0.0,0.0,0.0,0.0,0.0,0.0,0.0,0.0,,,
2026,4,138,MIA,00-0041527,LouiKy00,kyle-louis-1,Kyle Louis,False,LB,LB,D,Pittsburgh,22.0,2026.0,0,0,0,0.0,,0.0,1.0,0.0,0.0,0.0,0.0,0.0,0.0,0.0,0.0,0.0,0.0,0.0,,,
2026,4,139,SFO,00-0041068,PrysEp00,ephesians-prysock-1,Ephesians Prysock,False,CB,DB,D,Washington,23.0,,0,0,0,,,,,,,,,,,,,,,,,,
2026,4,140,CIN,00-0041069,YounCo01,colbie-young-1,Colbie Young,False,WR,WR,O,Georgia,24.0,2026.0,0,0,0,0.0,,0.0,1.0,0.0,0.0,0.0,0.0,0.0,0.0,0.0,0.0,0.0,0.0,0.0,,,
2026,5,141,HOU,00-0041466,RamsKa01,kamari-ramsey-1,Kamari Ramsey,False,S,DB,D,USC,22.0,2026.0,0,0,0,0.0,,0.0,1.0,0.0,0.0,0.0,0.0,0.0,0.0,0.0,0.0,0.0,0.0,0.0,,,
2026,5,142,TEN,00-0040881,CarmFe00,fernando-carmona-jr-1,Fernando Carmona,False,G,OL,O,Arkansas,24.0,2026.0,0,0,0,0.0,,0.0,1.0,0.0,0.0,0.0,0.0,0.0,0.0,0.0,0.0,0.0,0.0,0.0,,,
2026,5,143,ARI,00-0041070,VirgRe00,reginald-virgil-1,Reggie Virgil,False,WR,WR,O,Texas Tech,22.0,,0,0,0,,,,,,,,,,,,,,,,,,
2026,5,144,CAR,00-0041071,HechSa00,sam-hecht-1,Sam Hecht,False,C,OL,O,Kansas St.,23.0,2026.0,0,0,0,0.0,,0.0,1.0,0.0,0.0,0.0,0.0,0.0,0.0,0.0,0.0,0.0,0.0,0.0,,,
2026,5,145,LAC,00-0041072,BarrNi00,nick-barrett-1,Nick Barrett,False,DT,DL,D,South Carolina,23.0,2026.0,0,0,0,0.0,,0.0,1.0,0.0,0.0,0.0,0.0,0.0,0.0,0.0,0.0,0.0,0.0,0.0,,,
2026,5,146,CLE,00-0041073,BraiPa01,parker-brailsford-1,Parker Brailsford,False,C,OL,O,Alabama,22.0,,0,0,0,,,,,,,,,,,,,,,,,,
2026,5,147,WAS,00-0041074,JoseJo00,joshua-josephs-1,Joshua Josephs,False,DE,DL,D,Tennessee,22.0,2026.0,0,0,0,0.0,,0.0,1.0,0.0,0.0,0.0,0.0,0.0,0.0,0.0,0.0,0.0,0.0,0.0,,,
2026,5,148,SEA,00-0040882,StepBe00,beau-stephens-2,Beau Stephens,False,G,OL,O,Iowa,23.0,,0,0,0,,,,,,,,,,,,,,,,,,
2026,5,149,CLE,00-0041075,JeffJu01,justin-jefferson-3,Justin Jefferson,False,LB,LB,D,Alabama,23.0,,0,0,0,,,,,,,,,,,,,,,,,,
2026,5,150,LVR,00-0040883,JohnDa11,dalton-johnson-1,Dalton Johnson,False,S,DB,D,Arizona,23.0,,0,0,0,,,,,,,,,,,,,,,,,,
2026,5,151,CAR,00-0041076,WheaZa00,zakee-wheatley-1,Zakee Wheatley,False,S,DB,D,Penn St.,24.0,,0,0,0,,,,,,,,,,,,,,,,,,
2026,5,152,DEN,00-0041077,JolyJu00,justin-joly-1,Justin Joly,False,TE,TE,O,North Carolina St.,22.0,,0,0,0,,,,,,,,,,,,,,,,,,
2026,5,153,GNB,00-0040884,BurtJa02,jager-burton-1,Jager Burton,False,C,OL,O,Kentucky,24.0,,0,0,0,,,,,,,,,,,,,,,,,,
2026,5,154,SFO,00-0041078,DuggJa00,jaden-dugger-1,Jaden Dugger,False,OLB,LB,D,Louisiana,22.0,2026.0,0,0,0,0.0,,0.0,1.0,0.0,0.0,0.0,0.0,0.0,0.0,0.0,0.0,0.0,0.0,0.0,1.0,,
2026,5,155,TAM,00-0041079,CapeDe00,demonte-capehart-1,DeMonte Capehart,False,DT,DL,D,Clemson,24.0,,0,0,0,,,,,,,,,,,,,,,,,,
2026,5,156,IND,00-0041080,GumbGe00,george-gumbs-1,George Gumbs Jr.,False,DE,DL,D,Florida,23.0,,0,0,0,,,,,,,,,,,,,,,,,,
2026,5,157,DET,00-0041445,AbneKe00,keith-abney-ii-1,Keith Abney,False,CB,DB,D,Arizona St.,21.0,2026.0,0,0,0,0.0,,0.0,1.0,0.0,0.0,0.0,0.0,0.0,0.0,0.0,0.0,0.0,0.0,0.0,2.0,,
2026,5,158,MIA,00-0041528,TaafMi00,michael-taaffe-1,Michael Taaffe,False,S,DB,D,Texas,23.0,2026.0,0,0,0,0.0,,0.0,1.0,0.0,0.0,0.0,0.0,0.0,0.0,0.0,0.0,0.0,0.0,0.0,1.0,1.0,
2026,5,159,MIN,00-0041081,BredMa00,max-bredeson-1,Max Bredeson,False,TE,TE,O,Michigan,23.0,2026.0,0,0,0,0.0,,0.0,1.0,0.0,0.0,0.0,0.0,0.0,0.0,0.0,0.0,0.0,0.0,0.0,,,
2026,5,160,TAM,00-0041082,SchrBi01,billy-schrauth-1,Billy Schrauth,False,G,OL,O,Notre Dame,22.0,,0,0,0,,,,,,,,,,,,,,,,,,
2026,5,161,KAN,00-0041013,JohnEm01,emmett-johnson-2,Emmett Johnson,False,RB,RB,O,Nebraska,22.0,2026.0,0,0,0,0.0,,0.0,1.0,0.0,0.0,0.0,0.0,0.0,8.0,24.0,0.0,2.0,44.0,0.0,,,
2026,5,162,BAL,00-0040885,RiveCh00,chandler-rivers-1,Chandler Rivers,False,CB,DB,D,Duke,22.0,,0,0,0,,,,,,,,,,,,,,,,,,
2026,5,163,MIN,00-0041083,DemmCh00,,Charles Demmings,False,CB,DB,D,S.F. Austin,23.0,2026.0,0,0,0,0.0,,0.0,1.0,0.0,0.0,0.0,0.0,0.0,0.0,0.0,0.0,0.0,0.0,0.0,,,
2026,5,164,JAX,00-0041084,KoziTa00,tanner-koziol-1,Tanner Koziol,False,TE,TE,O,Houston,,,0,0,0,,,,,,,,,,,,,,,,,,
2026,5,165,TEN,00-0040886,SingNi01,nicholas-singleton-1,Nicholas Singleton,False,RB,RB,O,Penn St.,22.0,,0,0,0,,,,,,,,,,,,,,,,,,
2026,5,166,CHI,00-0041085,ElliKe03,keyshaun-elliot-1,Keyshaun Elliott,False,LB,LB,D,Arizona St.,22.0,2026.0,0,0,0,0.0,,0.0,1.0,0.0,0.0,0.0,0.0,0.0,0.0,0.0,0.0,0.0,0.0,0.0,,,
2026,5,167,BUF,00-0041086,KilgJa00,jalon-kilgore-1,Jalon Kilgore,False,CB,DB,D,South Carolina,21.0,,0,0,0,,,,,,,,,,,,,,,,,,
2026,5,168,DET,00-0041446,LawxKe00,kendrick-law-1,Kendrick Law,False,WR,WR,O,Kentucky,23.0,,0,0,0,,,,,,,,,,,,,,,,,,
2026,5,169,PIT,00-0041398,NowaRi00,riley-nowakowski-1,Riley Nowakowski,False,TE,TE,O,Indiana,24.0,2026.0,0,0,0,0.0,,0.0,1.0,0.0,0.0,0.0,0.0,0.0,0.0,0.0,0.0,0.0,0.0,0.0,1.0,,
2026,5,170,CLE,00-0041087,RoyeJo01,joe-royer-1,Joe Royer,False,TE,TE,O,Cincinnati,24.0,,0,0,0,,,,,,,,,,,,,,,,,,
2026,5,171,NWE,00-0041088,PrunKa00,karon-prunty-1,Karon Prunty,False,DB,DB,D,Wake Forest,24.0,,0,0,0,,,,,,,,,,,,,,,,,,
2026,5,172,NOR,00-0041089,StylLo00,lorenzo-styles-jr-1,Lorenzo Styles Jr.,False,S,DB,D,Ohio St.,23.0,,0,0,0,,,,,,,,,,,,,,,,,,
2026,5,173,BAL,00-0040887,CuevJo00,josh-cuevas-1,Josh Cuevas,False,TE,TE,O,Alabama,22.0,2026.0,0,0,0,0.0,,0.0,1.0,0.0,0.0,0.0,0.0,0.0,0.0,0.0,0.0,0.0,0.0,0.0,,,
2026,5,174,BAL,00-0040888,RandAd00,adam-randall-1,Adam Randall,False,RB,RB,O,Clemson,22.0,,0,0,0,,,,,,,,,,,,,,,,,,
2026,5,175,LVR,00-0040889,MassHe00,hezekiah-masses-1,Hezekiah Masses,False,CB,DB,D,California,22.0,2026.0,0,0,0,0.0,,0.0,1.0,0.0,0.0,0.0,0.0,0.0,0.0,0.0,0.0,0.0,0.0,0.0,,,
2026,5,176,KAN,00-0040890,AlleCy00,cyrus-allen-1,Cyrus Allen,False,WR,WR,O,Cincinnati,23.0,2026.0,0,0,0,0.0,,0.0,1.0,0.0,0.0,0.0,0.0,0.0,0.0,0.0,0.0,0.0,0.0,0.0,,,
2026,5,177,MIA,00-0041529,ColeKe03,kevin-coleman-jr-1,Kevin Coleman,False,WR,WR,O,Missouri,22.0,2026.0,0,0,0,0.0,,0.0,1.0,0.0,0.0,0.0,0.0,0.0,0.0,0.0,0.0,0.0,0.0,0.0,,,
2026,5,178,PHI,00-0040891,PaytCo00,,Cole Payton,False,QB,QB,O,North Dakota St.,23.0,,0,0,0,,,,,,,,,,,,,,,,,,
2026,5,179,SFO,00-0041090,CruzEn00,enrique-cruz-jr-1,Enrique Cruz Jr.,False,OL,OL,O,Kansas,23.0,,0,0,0,,,,,,,,,,,,,,,,,,
2026,5,180,MIA,00-0041579,TraoSe00,seydou-traore-1,Seydou Traore,False,TE,TE,O,Mississippi St.,24.0,2026.0,0,0,0,0.0,,0.0,1.0,0.0,0.0,0.0,0.0,0.0,0.0,0.0,0.0,0.0,0.0,0.0,,,
2026,5,181,BUF,00-0041091,DuraZa00,zane-durant-1,Zane Durant,False,DT,DL,D,Penn St.,22.0,,0,0,0,,,,,,,,,,,,,,,,,,
2026,6,182,CLE,00-0041092,GreeTa00,taylen-green-1,Taylen Green,False,QB,QB,O,Arkansas,23.0,,0,0,0,,,,,,,,,,,,,,,,,,
2026,6,183,ARI,00-0041093,SharKa00,karson-sharar-1,Karson Sharar,False,LB,LB,D,Iowa,23.0,2026.0,0,0,0,0.0,,0.0,1.0,0.0,0.0,0.0,0.0,0.0,0.0,0.0,0.0,0.0,0.0,0.0,2.0,,
2026,6,184,TEN,00-0040892,MarsJa02,jackie-marshall-1,Jackie Marshall,False,DE,DL,D,Baylor,23.0,,0,0,0,,,,,,,,,,,,,,,,,,
2026,6,185,TAM,00-0041094,SharBa00,bauer-sharp-1,Bauer Sharp,False,TE,TE,O,LSU,23.0,2026.0,0,0,0,0.0,,0.0,1.0,0.0,0.0,0.0,0.0,0.0,0.0,0.0,0.0,0.0,0.0,0.0,1.0,,
2026,6,186,NYG,00-0041095,JamiBo00,quientrail-jamison-travis-1,Bobby Jamison-Travis,False,DL,DL,D,Auburn,25.0,,0,0,0,,,,,,,,,,,,,,,,,,
2026,6,187,WAS,00-0041096,AlleKa01,kaytron-allen-1,Kaytron Allen,False,RB,RB,O,Penn St.,23.0,2026.0,0,0,0,0.0,,0.0,1.0,0.0,0.0,0.0,0.0,0.0,4.0,16.0,0.0,0.0,0.0,0.0,,,
2026,6,188,NYJ,00-0041097,CoopAn01,anez-cooper-1,Anez Cooper,False,G,OL,O,Miami (FL),22.0,,0,0,0,,,,,,,,,,,,,,,,,,
2026,6,189,CIN,00-0041098,ParkBr02,brian-parker-ii-1,Brian Parker II,False,OT,OL,O,Duke,22.0,,0,0,0,,,,,,,,,,,,,,,,,,
2026,6,190,NOR,00-0041099,BrowBa02,barion-brown-1,Barion Brown,False,WR,WR,O,LSU,22.0,2026.0,0,0,0,0.0,,0.0,1.0,0.0,0.0,0.0,0.0,0.0,1.0,3.0,0.0,0.0,0.0,0.0,,,
2026,6,191,JAX,00-0041100,CameJo01,josh-cameron-1,Josh Cameron,False,WR,WR,O,Baylor,23.0,2026.0,0,0,0,0.0,,0.0,1.0,0.0,0.0,0.0,0.0,0.0,0.0,0.0,0.0,2.0,20.0,1.0,,,
2026,6,192,NYG,00-0041101,DaviJC01,jc-davis-1,J.C. Davis,False,OT,OL,O,Illinois,22.0,,0,0,0,,,,,,,,,,,,,,,,,,
2026,6,193,NYG,00-0041102,KellJa00,jack-kelly-2,Jack Kelly,False,LB,LB,D,BYU,23.0,2026.0,0,0,0,0.0,,0.0,1.0,0.0,0.0,0.0,0.0,0.0,0.0,0.0,0.0,0.0,0.0,0.0,,,
2026,6,194,TEN,00-0040893,CoogPa01,pat-coogan-1,Pat Coogan,False,C,OL,O,Indiana,23.0,2026.0,0,0,0,0.0,,0.0,1.0,0.0,0.0,0.0,0.0,0.0,0.0,0.0,0.0,0.0,0.0,0.0,,,
2026,6,195,LVR,00-0040894,BensMa00,malik-benson-1,Malik Benson,False,WR,WR,O,Oregon,23.0,2026.0,0,0,0,0.0,,0.0,1.0,0.0,0.0,0.0,0.0,0.0,1.0,-8.0,0.0,1.0,6.0,0.0,,,
2026,6,196,NWE,00-0041103,CrowDa00,dametrious-crownover-1,Dametrious Crownover,False,OT,OL,O,Texas A&M,24.0,2026.0,0,0,0,0.0,,0.0,1.0,0.0,0.0,0.0,0.0,0.0,0.0,0.0,0.0,0.0,0.0,0.0,,,
2026,6,197,LAR,00-0041399,DaniCJ00,cj-daniels-1,CJ Daniels,False,WR,WR,O,Miami (FL),24.0,,0,0,0,,,,,,,,,,,,,,,,,,
2026,6,198,MIN,00-0041104,ClaiDe00,demond-claiborne-1,Demond Claiborne,False,RB,RB,O,Wake Forest,22.0,,0,0,0,,,,,,,,,,,,,,,,,,
2026,6,199,SEA,00-0040895,HendEm00,emmanuel-henderson-1,Emmanuel Henderson Jr.,False,WR,WR,O,Kansas,22.0,,0,0,0,,,,,,,,,,,,,,,,,,
2026,6,200,MIA,00-0041530,CampDJ01,dj-campbell-2,DJ Campbell,False,G,OL,O,Texas,,,0,0,0,,,,,,,,,,,,,,,,,,
2026,6,201,GNB,00-0040896,JackDo04,domani-jackson-1,Domani Jackson,False,CB,DB,D,Alabama,23.0,,0,0,0,,,,,,,,,,,,,,,,,,
2026,6,202,LAC,00-0041105,TaylLo00,logan-taylor-2,Logan Taylor,False,G,OL,O,Boston Col.,24.0,,0,0,0,,,,,,,,,,,,,,,,,,
2026,6,203,JAX,00-0041106,WillCJ00,cj-williams-4,CJ Williams,False,WR,WR,O,Stanford,,2026.0,0,0,0,0.0,,0.0,1.0,0.0,0.0,0.0,0.0,0.0,0.0,0.0,0.0,0.0,0.0,0.0,,,
2026,6,204,HOU,00-0041467,BondLe00,lewis-bond-1,Lewis Bond,False,WR,WR,O,Boston Col.,23.0,,0,0,0,,,,,,,,,,,,,,,,,,
2026,6,205,DET,00-0041447,GillSk00,skyler-gill-howard-1,Skyler Gill-Howard,False,DT,DL,D,Texas Tech,23.0,2026.0,0,0,0,0.0,,0.0,1.0,0.0,0.0,0.0,0.0,0.0,0.0,0.0,0.0,0.0,0.0,0.0,1.0,,
2026,6,206,LAC,00-0041107,HarkAl00,alex-harkey-1,Alex Harkey,False,OT,OL,O,Oregon,25.0,,0,0,0,,,,,,,,,,,,,,,,,,
2026,6,207,PHI,00-0040897,MorrMi02,micah-morris-1,Micah Morris,False,G,OL,O,Georgia,23.0,,0,0,0,,,,,,,,,,,,,,,,,,
2026,6,208,ATL,00-0041484,ThomAn03,anterio-thompson-1,Anterio Thompson,False,DT,DL,D,Washington,23.0,,0,0,0,,,,,,,,,,,,,,,,,,
2026,6,209,WAS,00-0041108,GulbMa00,matt-gulbin-1,Matt Gulbin,False,OL,OL,O,Michigan St.,23.0,,0,0,0,,,,,,,,,,,,,,,,,,
2026,6,210,PIT,00-0041400,RubiGa00,gabe-rubio-1,Gabriel Rubio,False,DL,DL,D,Notre Dame,23.0,,0,0,0,,,,,,,,,,,,,,,,,,
2026,6,211,BAL,00-0040898,EcklRy00,ryan-eckley-1,Ryan Eckley,False,P,P,S,Michigan St.,,2026.0,0,0,0,0.0,,0.0,1.0,0.0,0.0,0.0,0.0,0.0,0.0,0.0,0.0,0.0,0.0,0.0,,,
2026,6,212,NWE,00-0041109,ObiaNa00,namdi-obiazor-1,Namdi Obiazor,False,LB,LB,D,TCU,24.0,2026.0,0,0,0,0.0,,0.0,1.0,0.0,0.0,0.0,0.0,0.0,0.0,0.0,0.0,0.0,0.0,0.0,2.0,,
2026,6,213,CHI,00-0041110,vandJo00,jordan-van-den-berg-1,Jordan van den Berg,False,DL,DL,D,Georgia Tech,24.0,2026.0,0,0,0,0.0,,0.0,1.0,0.0,0.0,0.0,0.0,0.0,0.0,0.0,0.0,0.0,0.0,0.0,,,
2026,6,214,IND,00-0041111,CurrCa00,caden-curry-1,Caden Curry,False,DE,DL,D,Ohio St.,23.0,2026.0,0,0,0,0.0,,0.0,1.0,0.0,0.0,0.0,0.0,0.0,0.0,0.0,0.0,0.0,0.0,0.0,,,
2026,6,215,ATL,00-0041112,PerkHa01,harold-perkins-1,Harold Perkins,False,LB,LB,D,LSU,21.0,2026.0,0,0,0,0.0,,0.0,1.0,0.0,0.0,0.0,0.0,0.0,0.0,0.0,0.0,0.0,0.0,0.0,1.0,,
2026,6,216,GNB,00-0040899,SmacTr00,trey-smack-1,Trey Smack,False,K,K,S,Florida,23.0,2026.0,0,0,0,0.0,,0.0,1.0,0.0,0.0,0.0,0.0,0.0,0.0,0.0,0.0,0.0,0.0,0.0,,,
2026,7,217,ARI,00-0041113,WillJa16,jayden-williams-2,Jayden Williams,False,OL,OL,O,Mississippi,23.0,2026.0,0,0,0,0.0,,0.0,1.0,0.0,0.0,0.0,0.0,0.0,0.0,0.0,0.0,0.0,0.0,0.0,,,
2026,7,218,DAL,00-0040900,SmitAn05,anthony-smith-14,Anthony Smith,False,WR,WR,O,East Carolina,24.0,,0,0,0,,,,,,,,,,,,,,,,,,
2026,7,219,NOR,00-0041114,HallTJ00,tj-hall-1,TJ Hall,False,CB,DB,D,Iowa,22.0,,0,0,0,,,,,,,,,,,,,,,,,,
2026,7,220,BUF,00-0041115,PridTo00,toriano-pride-jr-1,Toriano Pride Jr.,False,CB,DB,D,Missouri,22.0,,0,0,0,,,,,,,,,,,,,,,,,,
2026,7,221,CIN,00-0041116,EndrJa00,jack-endries-1,Jack Endries,False,TE,TE,O,Texas,22.0,,0,0,0,,,,,,,,,,,,,,,,,,
2026,7,222,DET,,WestTy00,tyre-west-1,Tyre West,False,DT,DL,D,Tennessee,23.0,,0,0,0,,,,,,,,,,,,,,,,,,
2026,7,223,WAS,00-0041117,KaliAt00,athan-kaliakmanis-1,Athan Kaliakmanis,False,QB,QB,O,Rutgers,23.0,,0,0,0,,,,,,,,,,,,,,,,,,
2026,7,224,PIT,00-0041401,SpeaRo01,robert-spears-jennings-1,Robert Spears-Jennings,False,S,DB,D,Oklahoma,22.0,2026.0,0,0,0,0.0,,0.0,1.0,0.0,0.0,0.0,0.0,0.0,0.0,0.0,0.0,0.0,0.0,0.0,1.0,,
2026,7,225,TEN,00-0040901,KanaJa00,jaren-kanak-1,Jaren Kanak,False,TE,TE,O,Oklahoma,22.0,,0,0,0,,,,,,,,,,,,,,,,,,
2026,7,226,CIN,00-0041118,RobiLa04,landon-robinson-1,Landon Robinson,False,NT,DL,D,Navy,23.0,,0,0,0,,,,,,,,,,,,,,,,,,
2026,7,227,CAR,00-0041119,KuwaJa00,jackson-kuwatch-1,Jackson Kuwatch,False,LB,LB,D,Miami (OH),23.0,2026.0,0,0,0,0.0,,0.0,1.0,0.0,0.0,0.0,0.0,0.0,0.0,0.0,0.0,0.0,0.0,0.0,,,
2026,7,228,NYJ,00-0041120,PaynVJ00,vj-payne-1,VJ Payne,False,S,DB,D,Kansas St.,22.0,,0,0,0,,,,,,,,,,,,,,,,,,
2026,7,229,LVR,00-0040902,ClevBr00,brandon-cleveland-1,Brandon Cleveland,False,DT,DL,D,North Carolina St.,22.0,,0,0,0,,,,,,,,,,,,,,,,,,
2026,7,230,PIT,00-0041490,HeidEl00,eli-heidenreich-1,Eli Heidenreich,False,FB,RB,O,Navy,23.0,2026.0,0,0,0,0.0,,0.0,1.0,0.0,0.0,0.0,0.0,0.0,0.0,0.0,0.0,0.0,0.0,0.0,,,
2026,7,231,ATL,00-0041121,OniaEt00,ethan-onianwa-1,Ethan Onianwa,False,G,OL,O,Ohio St.,23.0,,0,0,0,,,,,,,,,,,,,,,,,,
2026,7,232,LAR,00-0041534,KeenTi00,tim-keenan-iii-1,Tim Keenan III,False,DT,DL,D,Alabama,23.0,,0,0,0,,,,,,,,,,,,,,,,,,
2026,7,233,JAX,00-0041122,DurfZa00,zach-durfee-1,Zach Durfee,False,DE,DL,D,Washington,24.0,,0,0,0,,,,,,,,,,,,,,,,,,
2026,7,234,NWE,00-0041123,MortBe00,behren-morton-1,Behren Morton,False,QB,QB,O,Texas Tech,24.0,,0,0,0,,,,,,,,,,,,,,,,,,
2026,7,235,MIN,00-0041124,GerhGa01,gavin-gerhardt-1,Gavin Gerhardt,False,OL,OL,O,Cincinnati,,,0,0,0,,,,,,,,,,,,,,,,,,
2026,7,236,SEA,00-0040903,FullAn00,andre-fuller-1,Andre Fuller,False,CB,DB,D,Toledo,24.0,,0,0,0,,,,,,,,,,,,,,,,,,
2026,7,237,IND,00-0041125,McGoSe01,seth-mcgowan-1,Seth McGowan,False,RB,RB,O,Kentucky,24.0,2026.0,0,0,0,0.0,,0.0,1.0,0.0,0.0,0.0,0.0,0.0,0.0,0.0,0.0,1.0,0.0,0.0,,,
2026,7,238,MIA,00-0041531,LlewMa00,max-llewellyn-1,Max Llewellyn,False,DE,DL,D,Iowa,24.0,,0,0,0,,,,,,,,,,,,,,,,,,
2026,7,239,BUF,00-0041126,DomaTo00,tommy-doman-1,Tommy Doman,False,P,P,S,Florida,24.0,2026.0,0,0,0,0.0,,0.0,1.0,0.0,0.0,0.0,0.0,0.0,0.0,0.0,0.0,0.0,0.0,0.0,,,
2026,7,240,JAX,00-0041127,HughPa00,parker-hughes-1,Parker Hughes,False,LB,LB,D,Middle Tenn. St.,23.0,,0,0,0,,,,,,,,,,,,,,,,,,
2026,7,241,BUF,00-0041128,ReedAr01,armaj-adams-reed-1,Ar'maj Reed-Adams,False,G,OL,O,Texas A&M,24.0,,0,0,0,,,,,,,,,,,,,,,,,,
2026,7,242,SEA,00-0040904,EastDe00,deven-eastern-1,Deven Eastern,False,DT,DL,D,Minnesota,23.0,,0,0,0,,,,,,,,,,,,,,,,,,
2026,7,243,HOU,00-0041449,FishAi00,aiden-fisher-1,Aiden Fisher,False,LB,LB,D,Indiana,22.0,,0,0,0,,,,,,,,,,,,,,,,,,
2026,7,244,PHI,00-0040905,WisnCo00,cole-wisniewski-1,Cole Wisniewski,False,S,DB,D,Texas Tech,24.0,,0,0,0,,,,,,,,,,,,,,,,,,
2026,7,245,NWE,,MillJa03,jamarion-miller-1,Jam Miller,False,RB,RB,O,Alabama,22.0,,0,0,0,,,,,,,,,,,,,,,,,,
2026,7,246,DEN,00-0041130,ScotMi00,miles-scott-1,Miles Scott,False,S,DB,D,Illinois,24.0,,0,0,0,,,,,,,,,,,,,,,,,,
2026,7,247,NWE,00-0041402,HutcQu00,quintayvious-hutchins-1,Quintayvious Hutchins,False,DE,DL,D,Boston Col.,23.0,2026.0,0,0,0,0.0,,0.0,1.0,0.0,0.0,0.0,0.0,0.0,0.0,0.0,0.0,0.0,0.0,0.0,,,
2026,7,248,CLE,00-0041131,RyanCa00,carsen-ryan-1,Carsen Ryan,False,TE,TE,O,BYU,23.0,2026.0,0,0,0,0.0,,0.0,1.0,0.0,0.0,0.0,0.0,0.0,0.0,0.0,0.0,0.0,0.0,0.0,,,
2026,7,249,KAN,00-0040906,NussGa00,garrett-nussmeier-1,Garrett Nussmeier,False,QB,QB,O,LSU,,,0,0,0,,,,,,,,,,,,,,,,,,
2026,7,250,BAL,00-0040907,BennRa00,rayshaun-benny-1,Rayshaun Benny,False,DT,DL,D,Michigan,24.0,,0,0,0,,,,,,,,,,,,,,,,,,
2026,7,251,PHI,00-0041580,BernUa00,,Uar Bernard,False,DT,DL,D,,,,0,0,0,,,,,,,,,,,,,,,,,,
2026,7,252,PHI,00-0040908,JameKe01,keyshawn-james-newby-1,Keyshawn James-Newby,False,DE,DL,D,New Mexico,24.0,,0,0,0,,,,,,,,,,,,,,,,,,
2026,7,253,BAL,,BeerEv00,evan-beerntsen-1,Evan Beerntsen,False,OL,OL,O,Northwestern,25.0,,0,0,0,,,,,,,,,,,,,,,,,,
2026,7,254,IND,00-0041132,BurkDe02,deion-burks-1,Deion Burks,False,WR,WR,O,Oklahoma,23.0,2026.0,0,0,0,0.0,,0.0,1.0,0.0,0.0,0.0,0.0,0.0,0.0,0.0,0.0,0.0,0.0,0.0,,,
2026,7,255,SEA,00-0040910,DansMi00,michael-dansby-1,Michael Dansby,False,DB,DB,D,Arizona,25.0,,0,0,0,,,,,,,,,,,,,,,,,,
2026,7,256,DEN,00-0041133,BentDa00,dallen-bentley-1,Dallen Bentley,False,TE,TE,O,Utah,25.0,,0,0,0,,,,,,,,,,,,,,,,,,
2026,7,257,DEN,00-0041134,MurdRe00,khalil-murdock-1,Red Murdock,False,LB,LB,D,Buffalo,22.0,,0,0,0,,,,,,,,,,,,,,,,,,
