snapshot_day,snapshot_week,snapshot_timestamp,season,team,live_market_score,live_rank,current_gini_score,performance_score,roster_score,projected_wins,projected_wins_low,projected_wins_high,most_likely_quadrant,highest_quadrant_probability,q1_probability,q2_probability,q3_probability,q4_probability
2026-09-28,2026-Week-02,2026-09-29T08:35:40.661266-04:00,2026,SF,97.9800045198232,1,122.63802420914097,109.10357753116728,85.00499026540189,10.738823529411764,8,13,Q1 - Non-Contenders,0.8540381034336483,0.8540381034336483,0.0701037165451081,0.0701037165451081,0.0057544634761353
2026-09-28,2026-Week-02,2026-09-29T08:35:40.661266-04:00,2026,SEA,95.03847416909043,2,116.81847647725994,102.90728059925203,84.27694899545402,13.36558823529412,11,16,Q1 - Non-Contenders,0.8540381034336483,0.8540381034336483,0.0701037165451081,0.0701037165451081,0.0057544634761353
2026-09-28,2026-Week-02,2026-09-29T08:35:40.661266-04:00,2026,MIN,90.56346674114408,3,112.25001441924238,98.04306283906612,82.149047942666,10.871176470588235,8,13,Q1 - Non-Contenders,0.8540381034336483,0.8540381034336483,0.0701037165451081,0.0701037165451081,0.0057544634761353
2026-09-28,2026-Week-02,2026-09-29T08:35:40.661266-04:00,2026,CHI,90.5444450930814,4,112.04433841640372,97.82407166585584,83.93244709828672,10.746470588235294,8,13,Q1 - Non-Contenders,0.8540381034336483,0.8540381034336483,0.0701037165451081,0.0701037165451081,0.0057544634761353
2026-09-28,2026-Week-02,2026-09-29T08:35:40.661266-04:00,2026,LA,89.73908971650003,5,110.59631423871504,96.28230447312396,86.27079136409651,10.77558823529412,8,13,Q1 - Non-Contenders,0.8852467905040459,0.8852467905040459,0.0388950294747107,0.0726654815803354,0.0031926984409081
2026-09-28,2026-Week-02,2026-09-29T08:35:40.661266-04:00,2026,NE,89.51703085105402,6,110.38140934918236,96.05348694828952,84.33406035949494,10.93529411764706,9,14,Q1 - Non-Contenders,0.8540381034336483,0.8540381034336483,0.0701037165451081,0.0701037165451081,0.0057544634761353
2026-09-28,2026-Week-02,2026-09-29T08:35:40.661266-04:00,2026,BAL,88.04075152412092,7,108.95588577637244,94.53567701742745,85.16713544699589,9.636470588235294,7,12,Q1 - Non-Contenders,0.8540381034336483,0.8540381034336483,0.0701037165451081,0.0701037165451081,0.0057544634761353
2026-09-28,2026-Week-02,2026-09-29T08:35:40.661266-04:00,2026,KC,86.88499141312246,8,106.9383781949263,92.38755887956144,84.51131607397087,10.33029411764706,8,13,Q1 - Non-Contenders,0.8540381034336483,0.8540381034336483,0.0701037165451081,0.0701037165451081,0.0057544634761353
2026-09-28,2026-Week-02,2026-09-29T08:35:40.661266-04:00,2026,BUF,85.50968563506818,9,103.95703815181712,89.21321114444245,87.01997877931396,11.321176470588236,9,14,Q1 - Non-Contenders,0.8540381034336483,0.8540381034336483,0.0701037165451081,0.0701037165451081,0.0057544634761353
2026-09-28,2026-Week-02,2026-09-29T08:35:40.661266-04:00,2026,JAX,85.49609070634015,10,105.50587492800535,90.86231739917037,85.31406028958928,9.247352941176471,7,12,Q1 - Non-Contenders,0.8540381034336483,0.8540381034336483,0.0701037165451081,0.0701037165451081,0.0057544634761353
2026-09-28,2026-Week-02,2026-09-29T08:35:40.661266-04:00,2026,DEN,82.75939007214848,11,101.29536228766194,86.37922219020344,86.08166243183229,9.68764705882353,7,12,Q1 - Non-Contenders,0.912653211533953,0.912653211533953,0.0114886084448036,0.0749151376128613,0.0009430424083822
2026-09-28,2026-Week-02,2026-09-29T08:35:40.661266-04:00,2026,NO,82.18810595246774,12,101.8588217102142,86.9791591702015,82.90811892389875,8.267941176470588,6,10,Q1 - Non-Contenders,0.9236309741231844,0.9236309741231844,0.0005108458555719,0.0758162472398919,4.193278135164804e-05
2026-09-28,2026-Week-02,2026-09-29T08:35:40.661266-04:00,2026,CIN,82.03172103739293,13,100.4918478152117,85.52368933958041,83.26120090498543,9.967647058823529,8,13,Q1 - Non-Contenders,0.9208208215488826,0.9208208215488826,0.0033209984298739,0.0755855758696973,0.0002726041515461
2026-09-28,2026-Week-02,2026-09-29T08:35:40.661266-04:00,2026,CAR,81.8756080359537,14,100.7976091854511,85.84924526378626,82.25864883250358,9.119411764705882,7,12,Q1 - Non-Contenders,0.8540381034336483,0.8540381034336483,0.0701037165451081,0.0701037165451081,0.0057544634761353
2026-09-28,2026-Week-02,2026-09-29T08:35:40.661266-04:00,2026,NYJ,81.8390106147983,15,102.43792921239286,87.59575726412913,81.38550232806352,6.661176470588236,4,9,Q1 - Non-Contenders,0.8540381034336483,0.8540381034336483,0.0701037165451081,0.0701037165451081,0.0057544634761353
2026-09-28,2026-Week-02,2026-09-29T08:35:40.661266-04:00,2026,HOU,81.75894685204138,16,100.5162358151253,85.54965618374123,84.29907082248543,9.08735294117647,7,12,Q1 - Non-Contenders,0.9239954024428844,0.9239954024428844,0.0001464175358719,0.0758461613380129,1.2018683230564597e-05
2026-09-28,2026-Week-02,2026-09-29T08:35:40.661266-04:00,2026,LV,81.25319051265808,17,100.83684598837324,85.89102220123327,83.50728735004726,7.616176470588236,5,10,Q1 - Non-Contenders,0.9236309741231844,0.9236309741231844,0.0005108458555719,0.0758162472398919,4.193278135164804e-05
2026-09-28,2026-Week-02,2026-09-29T08:35:40.661266-04:00,2026,DET,80.32817600181536,18,97.62105611651396,82.46704669064059,84.52645371887576,10.322941176470588,8,13,Q1 - Non-Contenders,0.9208208215488826,0.9208208215488826,0.0033209984298739,0.0755855758696973,0.0002726041515461
2026-09-28,2026-Week-02,2026-09-29T08:35:40.661266-04:00,2026,IND,79.71727298984467,19,97.49107200847016,82.32864759727853,84.86170808173016,9.07764705882353,7,11,Q1 - Non-Contenders,0.9239954024428844,0.9239954024428844,0.0001464175358719,0.0758461613380129,1.2018683230564597e-05
2026-09-28,2026-Week-02,2026-09-29T08:35:40.661266-04:00,2026,GB,79.38459502823642,20,96.5422263052846,81.31837497982046,83.20131256057921,10.187941176470588,8,13,Q1 - Non-Contenders,0.9238683136332388,0.9238683136332388,0.0002735063455176,0.0758357292532481,2.2450767995442605e-05
2026-09-28,2026-Week-02,2026-09-29T08:35:40.661266-04:00,2026,PHI,78.24586939557054,21,93.83285785900816,78.43360589387908,85.02253663669077,11.444705882352942,9,13,Q1 - Non-Contenders,0.9239954024428844,0.9239954024428844,0.0001464175358719,0.0758461613380129,1.2018683230564597e-05
2026-09-28,2026-Week-02,2026-09-29T08:35:40.661266-04:00,2026,TEN,78.03199623905492,22,96.80594671048858,81.5991682670199,84.55332438660363,6.402352941176471,3,8,Q1 - Non-Contenders,0.9239954024428844,0.9239954024428844,0.0001464175358719,0.0758461613380129,1.2018683230564597e-05
2026-09-28,2026-Week-02,2026-09-29T08:35:40.661266-04:00,2026,ARI,77.5713680389313,23,95.60585810365744,80.32138763953277,83.05175392264636,7.57529411764706,5,10,Q1 - Non-Contenders,0.922361243900373,0.922361243900373,0.0017805760783836,0.0757120214362997,0.0001461585849438
2026-09-28,2026-Week-02,2026-09-29T08:35:40.661266-04:00,2026,DAL,76.86144280737983,24,93.07355964420046,77.625151798203,85.80822237667806,9.31970588235294,7,12,Q1 - Non-Contenders,0.9239954024428844,0.9239954024428844,0.0001464175358719,0.0758461613380129,1.2018683230564597e-05
2026-09-28,2026-Week-02,2026-09-29T08:35:40.661266-04:00,2026,WAS,76.55244916931257,25,94.155981380418,78.77764797009972,84.59038267798492,7.197352941176471,5,10,Q1 - Non-Contenders,0.9239954024428844,0.9239954024428844,0.0001464175358719,0.0758461613380129,1.2018683230564597e-05
2026-09-28,2026-Week-02,2026-09-29T08:35:40.661266-04:00,2026,MIA,75.4379784972115,26,93.17921377299692,77.73764582424548,80.56382139291607,7.116176470588234,4,9,Q1 - Non-Contenders,0.9239954024428844,0.9239954024428844,0.0001464175358719,0.0758461613380129,1.2018683230564597e-05
2026-09-28,2026-Week-02,2026-09-29T08:35:40.661266-04:00,2026,PIT,74.99527276180233,27,90.9031535629386,75.31423673024013,84.40056908087047,8.93235294117647,6,11,Q1 - Non-Contenders,0.9427137963739168,0.9427137963739168,0.0001493836773783,0.0571277674069807,9.0525417242146e-06
2026-09-28,2026-Week-02,2026-09-29T08:35:40.661266-04:00,2026,NYG,73.24404525518612,28,87.51207399037118,71.70362351432476,85.2260028487458,10.17735294117647,8,13,Q1 - Non-Contenders,0.9556180416887652,0.9556180416887652,0.0001514285011905,0.0442235220921322,7.007717912004972e-06
2026-09-28,2026-Week-02,2026-09-29T08:35:40.661266-04:00,2026,CLE,72.55797987341239,29,88.37517075831353,72.62259593306605,83.48076522447938,7.746470588235295,6,11,Q1 - Non-Contenders,0.9686253423165736,0.9686253423165736,0.0001534896552841,0.0312162214643239,4.946563818343532e-06
2026-09-28,2026-Week-02,2026-09-29T08:35:40.661266-04:00,2026,TB,72.07068981302693,30,86.99325643736793,71.15121845468644,83.26597591146029,8.684117647058825,6,11,Q1 - Non-Contenders,0.9411590812652608,0.9411590812652608,0.000149137315162,0.0586824825156366,9.298903940509682e-06
2026-09-28,2026-Week-02,2026-09-29T08:35:40.661266-04:00,2026,LAC,71.37905876406649,31,87.15613521925883,71.32464177605138,81.05439199718266,7.549411764705882,5,10,Q1 - Non-Contenders,0.9706521513760716,0.9706521513760716,0.0001538108261335,0.029189412404826,4.625392969018877e-06
2026-09-28,2026-Week-02,2026-09-29T08:35:40.661266-04:00,2026,ATL,68.09791908031278,32,82.43203195521565,66.29470682067985,77.99605047028885,7.92,6,10,Q1 - Non-Contenders,0.9239954024428844,0.9239954024428844,0.0001464175358719,0.0758461613380129,1.2018683230564597e-05
